n,T_mean_s,T_std_s
200,3.137143462e-06,3.818188043e-07
500,7.196287957e-06,3.451249724e-07
1000,1.397600032e-05,2.541782405e-07
2000,2.844057911e-05,7.441578747e-07
5000,7.063699221e-05,7.656137359e-07
10000,1.425414396e-04,1.446502240e-06
20000,2.815415750e-04,2.211210460e-06
50000,7.161787029e-04,1.210478434e-05
100000,1.507178440e-03,2.151611393e-05
200000,6.017601134e-03,1.902573203e-03
