n,T_mean_s,T_std_s
10,3.666593693e-06,1.029547412e-06
20,1.286700135e-05,2.191421596e-07
50,1.078915899e-04,1.883484861e-05
100,4.070997820e-04,1.963880875e-05
200,1.346733212e-03,4.443792008e-04
400,4.384158389e-03,2.453326222e-03
700,1.339050840e-02,3.235597630e-03
1000,1.782942479e-02,1.872521554e-04
1500,4.121822502e-02,3.040061184e-04
2000,7.355846660e-02,6.703535230e-04
